date,state,industry,lmsi_v1,lmsi_v2,score_change
2009Q4,New South Wales,Accommodation and Food Services,23.88,21.64,-2.24
2009Q4,New South Wales,Construction,24.51,22.84,-1.67
2009Q4,New South Wales,Education and Training,22.19,22.61,0.42
2009Q4,New South Wales,Health Care and Social Assistance,26.31,28.18,1.87
2009Q4,New South Wales,Manufacturing,13.71,13.40,-0.31
2009Q4,New South Wales,"Professional, Scientific and Technical Services",22.65,21.46,-1.19
2009Q4,Queensland,Accommodation and Food Services,30.53,27.26,-3.27
2009Q4,Queensland,Construction,26.14,24.25,-1.89
2009Q4,Queensland,Education and Training,23.76,24.08,0.32
2009Q4,Queensland,Health Care and Social Assistance,30.56,29.04,-1.52
2009Q4,Queensland,Manufacturing,17.17,17.12,-0.05
2009Q4,Queensland,"Professional, Scientific and Technical Services",30.46,31.00,0.54
2009Q4,Victoria,Accommodation and Food Services,27.86,25.59,-2.27
2009Q4,Victoria,Construction,26.78,25.60,-1.18
2009Q4,Victoria,Education and Training,22.70,23.21,0.51
2009Q4,Victoria,Health Care and Social Assistance,27.87,31.55,3.68
2009Q4,Victoria,Manufacturing,13.85,13.37,-0.48
2009Q4,Victoria,"Professional, Scientific and Technical Services",24.90,25.89,0.99
2010Q1,New South Wales,Accommodation and Food Services,19.04,17.39,-1.65
2010Q1,New South Wales,Construction,22.78,21.65,-1.13
2010Q1,New South Wales,Education and Training,25.44,24.90,-0.54
2010Q1,New South Wales,Health Care and Social Assistance,25.14,25.61,0.47
2010Q1,New South Wales,Manufacturing,15.64,15.23,-0.41
2010Q1,New South Wales,"Professional, Scientific and Technical Services",25.13,24.08,-1.05
2010Q1,Queensland,Accommodation and Food Services,25.06,22.36,-2.70
2010Q1,Queensland,Construction,24.85,22.75,-2.10
2010Q1,Queensland,Education and Training,27.22,25.80,-1.42
2010Q1,Queensland,Health Care and Social Assistance,28.90,29.89,0.99
2010Q1,Queensland,Manufacturing,20.45,19.30,-1.15
2010Q1,Queensland,"Professional, Scientific and Technical Services",36.19,34.66,-1.53
2010Q1,Victoria,Accommodation and Food Services,21.79,20.40,-1.39
2010Q1,Victoria,Construction,24.49,24.02,-0.47
2010Q1,Victoria,Education and Training,25.90,25.42,-0.48
2010Q1,Victoria,Health Care and Social Assistance,26.70,26.48,-0.22
2010Q1,Victoria,Manufacturing,15.52,14.92,-0.60
2010Q1,Victoria,"Professional, Scientific and Technical Services",29.27,27.72,-1.55
2010Q2,New South Wales,Accommodation and Food Services,15.39,14.34,-1.05
2010Q2,New South Wales,Construction,21.71,21.04,-0.67
2010Q2,New South Wales,Education and Training,22.86,23.78,0.92
2010Q2,New South Wales,Health Care and Social Assistance,27.57,28.53,0.96
2010Q2,New South Wales,Manufacturing,18.02,17.40,-0.62
2010Q2,New South Wales,"Professional, Scientific and Technical Services",22.41,22.01,-0.40
2010Q2,Queensland,Accommodation and Food Services,17.63,16.17,-1.46
2010Q2,Queensland,Construction,24.25,22.66,-1.59
2010Q2,Queensland,Education and Training,24.68,24.92,0.24
2010Q2,Queensland,Health Care and Social Assistance,31.66,31.42,-0.24
2010Q2,Queensland,Manufacturing,21.49,20.02,-1.47
2010Q2,Queensland,"Professional, Scientific and Technical Services",30.95,30.90,-0.05
2010Q2,Victoria,Accommodation and Food Services,15.87,14.83,-1.04
2010Q2,Victoria,Construction,23.05,21.87,-1.18
2010Q2,Victoria,Education and Training,23.43,23.05,-0.38
2010Q2,Victoria,Health Care and Social Assistance,29.93,29.62,-0.31
2010Q2,Victoria,Manufacturing,18.01,17.51,-0.50
2010Q2,Victoria,"Professional, Scientific and Technical Services",25.46,27.25,1.79
2010Q3,New South Wales,Accommodation and Food Services,31.45,27.84,-3.61
2010Q3,New South Wales,Construction,27.50,26.01,-1.49
2010Q3,New South Wales,Education and Training,24.89,25.33,0.44
2010Q3,New South Wales,Health Care and Social Assistance,28.37,31.42,3.05
2010Q3,New South Wales,Manufacturing,24.47,23.13,-1.34
2010Q3,New South Wales,"Professional, Scientific and Technical Services",31.17,30.89,-0.28
2010Q3,Queensland,Accommodation and Food Services,37.69,31.39,-6.30
2010Q3,Queensland,Construction,29.69,27.14,-2.55
2010Q3,Queensland,Education and Training,26.45,26.47,0.02
2010Q3,Queensland,Health Care and Social Assistance,34.98,33.17,-1.81
2010Q3,Queensland,Manufacturing,28.65,26.27,-2.38
2010Q3,Queensland,"Professional, Scientific and Technical Services",43.62,44.53,0.91
2010Q3,Victoria,Accommodation and Food Services,33.71,29.29,-4.42
2010Q3,Victoria,Construction,28.50,27.67,-0.83
2010Q3,Victoria,Education and Training,25.31,25.79,0.48
2010Q3,Victoria,Health Care and Social Assistance,31.17,31.96,0.79
2010Q3,Victoria,Manufacturing,24.14,23.42,-0.72
2010Q3,Victoria,"Professional, Scientific and Technical Services",35.50,35.86,0.36
2010Q4,New South Wales,Accommodation and Food Services,35.71,31.64,-4.07
2010Q4,New South Wales,Construction,28.37,27.52,-0.85
2010Q4,New South Wales,Education and Training,25.36,26.05,0.69
2010Q4,New South Wales,Health Care and Social Assistance,25.46,24.99,-0.47
2010Q4,New South Wales,Manufacturing,28.18,26.63,-1.55
2010Q4,New South Wales,"Professional, Scientific and Technical Services",37.04,37.74,0.70
2010Q4,Queensland,Accommodation and Food Services,42.23,35.30,-6.93
2010Q4,Queensland,Construction,30.48,28.03,-2.45
2010Q4,Queensland,Education and Training,26.91,26.93,0.02
2010Q4,Queensland,Health Care and Social Assistance,30.54,31.61,1.07
2010Q4,Queensland,Manufacturing,32.98,29.65,-3.33
2010Q4,Queensland,"Professional, Scientific and Technical Services",51.83,47.83,-4.00
2010Q4,Victoria,Accommodation and Food Services,39.16,33.07,-6.09
2010Q4,Victoria,Construction,29.97,30.03,0.06
2010Q4,Victoria,Education and Training,25.96,26.31,0.35
2010Q4,Victoria,Health Care and Social Assistance,27.77,28.99,1.22
2010Q4,Victoria,Manufacturing,27.88,26.27,-1.61
2010Q4,Victoria,"Professional, Scientific and Technical Services",42.03,40.27,-1.76
2011Q1,New South Wales,Accommodation and Food Services,29.92,26.47,-3.45
2011Q1,New South Wales,Construction,37.69,32.85,-4.84
2011Q1,New South Wales,Education and Training,23.01,23.09,0.08
2011Q1,New South Wales,Health Care and Social Assistance,23.33,25.05,1.72
2011Q1,New South Wales,Manufacturing,28.70,27.71,-0.99
2011Q1,New South Wales,"Professional, Scientific and Technical Services",40.73,36.81,-3.92
2011Q1,Queensland,Accommodation and Food Services,38.13,31.28,-6.85
2011Q1,Queensland,Construction,40.29,34.36,-5.93
2011Q1,Queensland,Education and Training,25.27,23.99,-1.28
2011Q1,Queensland,Health Care and Social Assistance,27.87,27.32,-0.55
2011Q1,Queensland,Manufacturing,35.38,30.42,-4.96
2011Q1,Queensland,"Professional, Scientific and Technical Services",56.06,48.47,-7.59
2011Q1,Victoria,Accommodation and Food Services,34.81,29.53,-5.28
2011Q1,Victoria,Construction,38.52,34.54,-3.98
2011Q1,Victoria,Education and Training,24.00,23.42,-0.58
2011Q1,Victoria,Health Care and Social Assistance,25.41,27.27,1.86
2011Q1,Victoria,Manufacturing,28.89,27.09,-1.80
2011Q1,Victoria,"Professional, Scientific and Technical Services",45.78,44.50,-1.28
2011Q2,New South Wales,Accommodation and Food Services,25.23,22.50,-2.73
2011Q2,New South Wales,Construction,33.10,30.50,-2.60
2011Q2,New South Wales,Education and Training,21.13,21.24,0.11
2011Q2,New South Wales,Health Care and Social Assistance,25.91,27.67,1.76
2011Q2,New South Wales,Manufacturing,28.53,26.72,-1.81
2011Q2,New South Wales,"Professional, Scientific and Technical Services",37.75,35.57,-2.18
2011Q2,Queensland,Accommodation and Food Services,30.00,25.96,-4.04
2011Q2,Queensland,Construction,36.39,31.76,-4.63
2011Q2,Queensland,Education and Training,22.44,22.62,0.18
2011Q2,Queensland,Health Care and Social Assistance,29.45,29.08,-0.37
2011Q2,Queensland,Manufacturing,33.32,29.59,-3.73
2011Q2,Queensland,"Professional, Scientific and Technical Services",52.42,48.26,-4.16
2011Q2,Victoria,Accommodation and Food Services,28.37,25.81,-2.56
2011Q2,Victoria,Construction,34.91,32.16,-2.75
2011Q2,Victoria,Education and Training,21.59,23.57,1.98
2011Q2,Victoria,Health Care and Social Assistance,27.27,26.99,-0.28
2011Q2,Victoria,Manufacturing,27.97,26.83,-1.14
2011Q2,Victoria,"Professional, Scientific and Technical Services",42.95,46.43,3.48
2011Q3,New South Wales,Accommodation and Food Services,25.24,22.62,-2.62
2011Q3,New South Wales,Construction,36.86,33.53,-3.33
2011Q3,New South Wales,Education and Training,22.67,22.93,0.26
2011Q3,New South Wales,Health Care and Social Assistance,21.48,22.44,0.96
2011Q3,New South Wales,Manufacturing,25.28,24.02,-1.26
2011Q3,New South Wales,"Professional, Scientific and Technical Services",35.45,33.11,-2.34
2011Q3,Queensland,Accommodation and Food Services,29.95,26.55,-3.40
2011Q3,Queensland,Construction,41.01,34.95,-6.06
2011Q3,Queensland,Education and Training,24.16,26.81,2.65
2011Q3,Queensland,Health Care and Social Assistance,25.59,24.68,-0.91
2011Q3,Queensland,Manufacturing,28.68,26.76,-1.92
2011Q3,Queensland,"Professional, Scientific and Technical Services",50.20,44.68,-5.52
2011Q3,Victoria,Accommodation and Food Services,27.28,25.01,-2.27
2011Q3,Victoria,Construction,38.37,35.42,-2.95
2011Q3,Victoria,Education and Training,23.25,23.96,0.71
2011Q3,Victoria,Health Care and Social Assistance,23.18,25.30,2.12
2011Q3,Victoria,Manufacturing,24.80,23.52,-1.28
2011Q3,Victoria,"Professional, Scientific and Technical Services",39.58,45.31,5.73
2011Q4,New South Wales,Accommodation and Food Services,38.69,32.31,-6.38
2011Q4,New South Wales,Construction,29.59,27.43,-2.16
2011Q4,New South Wales,Education and Training,21.31,22.17,0.86
2011Q4,New South Wales,Health Care and Social Assistance,19.78,21.60,1.82
2011Q4,New South Wales,Manufacturing,26.08,24.74,-1.34
2011Q4,New South Wales,"Professional, Scientific and Technical Services",40.69,37.09,-3.60
2011Q4,Queensland,Accommodation and Food Services,48.90,38.78,-10.12
2011Q4,Queensland,Construction,32.27,29.73,-2.54
2011Q4,Queensland,Education and Training,22.85,23.35,0.50
2011Q4,Queensland,Health Care and Social Assistance,22.77,22.73,-0.04
2011Q4,Queensland,Manufacturing,30.63,28.03,-2.60
2011Q4,Queensland,"Professional, Scientific and Technical Services",58.51,50.42,-8.09
2011Q4,Victoria,Accommodation and Food Services,44.91,37.43,-7.48
2011Q4,Victoria,Construction,30.75,29.37,-1.38
2011Q4,Victoria,Education and Training,21.89,22.68,0.79
2011Q4,Victoria,Health Care and Social Assistance,21.43,22.46,1.03
2011Q4,Victoria,Manufacturing,25.79,24.73,-1.06
2011Q4,Victoria,"Professional, Scientific and Technical Services",46.70,43.59,-3.11
2012Q1,New South Wales,Accommodation and Food Services,33.18,28.02,-5.16
2012Q1,New South Wales,Construction,32.53,29.63,-2.90
2012Q1,New South Wales,Education and Training,20.37,20.38,0.01
2012Q1,New South Wales,Health Care and Social Assistance,20.25,20.56,0.31
2012Q1,New South Wales,Manufacturing,27.44,25.63,-1.81
2012Q1,New South Wales,"Professional, Scientific and Technical Services",36.72,33.37,-3.35
2012Q1,Queensland,Accommodation and Food Services,42.13,34.43,-7.70
2012Q1,Queensland,Construction,36.26,31.68,-4.58
2012Q1,Queensland,Education and Training,21.20,21.12,-0.08
2012Q1,Queensland,Health Care and Social Assistance,23.26,22.13,-1.13
2012Q1,Queensland,Manufacturing,32.84,29.28,-3.56
2012Q1,Queensland,"Professional, Scientific and Technical Services",54.65,45.07,-9.58
2012Q1,Victoria,Accommodation and Food Services,36.44,30.78,-5.66
2012Q1,Victoria,Construction,35.37,31.39,-3.98
2012Q1,Victoria,Education and Training,20.57,20.45,-0.12
2012Q1,Victoria,Health Care and Social Assistance,21.74,22.05,0.31
2012Q1,Victoria,Manufacturing,26.82,25.19,-1.63
2012Q1,Victoria,"Professional, Scientific and Technical Services",41.00,37.27,-3.73
2012Q2,New South Wales,Accommodation and Food Services,29.33,26.01,-3.32
2012Q2,New South Wales,Construction,35.20,31.55,-3.65
2012Q2,New South Wales,Education and Training,20.99,23.46,2.47
2012Q2,New South Wales,Health Care and Social Assistance,17.28,18.12,0.84
2012Q2,New South Wales,Manufacturing,28.04,25.88,-2.16
2012Q2,New South Wales,"Professional, Scientific and Technical Services",36.08,35.02,-1.06
2012Q2,Queensland,Accommodation and Food Services,36.05,30.19,-5.86
2012Q2,Queensland,Construction,40.88,34.84,-6.04
2012Q2,Queensland,Education and Training,22.79,21.89,-0.90
2012Q2,Queensland,Health Care and Social Assistance,19.96,20.85,0.89
2012Q2,Queensland,Manufacturing,33.33,30.38,-2.95
2012Q2,Queensland,"Professional, Scientific and Technical Services",50.17,43.20,-6.97
2012Q2,Victoria,Accommodation and Food Services,30.58,26.98,-3.60
2012Q2,Victoria,Construction,39.22,34.05,-5.17
2012Q2,Victoria,Education and Training,21.45,23.06,1.61
2012Q2,Victoria,Health Care and Social Assistance,19.19,21.31,2.12
2012Q2,Victoria,Manufacturing,26.80,24.97,-1.83
2012Q2,Victoria,"Professional, Scientific and Technical Services",40.55,40.97,0.42
2012Q3,New South Wales,Accommodation and Food Services,26.10,23.17,-2.93
2012Q3,New South Wales,Construction,29.55,29.03,-0.52
2012Q3,New South Wales,Education and Training,17.80,19.02,1.22
2012Q3,New South Wales,Health Care and Social Assistance,22.32,22.02,-0.30
2012Q3,New South Wales,Manufacturing,26.73,25.68,-1.05
2012Q3,New South Wales,"Professional, Scientific and Technical Services",33.54,32.00,-1.54
2012Q3,Queensland,Accommodation and Food Services,31.69,27.26,-4.43
2012Q3,Queensland,Construction,32.79,29.21,-3.58
2012Q3,Queensland,Education and Training,18.82,20.26,1.44
2012Q3,Queensland,Health Care and Social Assistance,25.35,25.21,-0.14
2012Q3,Queensland,Manufacturing,33.56,30.40,-3.16
2012Q3,Queensland,"Professional, Scientific and Technical Services",45.67,41.79,-3.88
2012Q3,Victoria,Accommodation and Food Services,29.29,25.70,-3.59
2012Q3,Victoria,Construction,32.77,28.96,-3.81
2012Q3,Victoria,Education and Training,18.14,18.49,0.35
2012Q3,Victoria,Health Care and Social Assistance,23.80,24.59,0.79
2012Q3,Victoria,Manufacturing,26.36,24.91,-1.45
2012Q3,Victoria,"Professional, Scientific and Technical Services",36.81,35.47,-1.34
2012Q4,New South Wales,Accommodation and Food Services,17.32,17.12,-0.20
2012Q4,New South Wales,Construction,28.79,26.48,-2.31
2012Q4,New South Wales,Education and Training,16.59,16.75,0.16
2012Q4,New South Wales,Health Care and Social Assistance,23.52,23.85,0.33
2012Q4,New South Wales,Manufacturing,20.84,20.57,-0.27
2012Q4,New South Wales,"Professional, Scientific and Technical Services",31.54,33.53,1.99
2012Q4,Queensland,Accommodation and Food Services,21.89,20.41,-1.48
2012Q4,Queensland,Construction,31.12,27.87,-3.25
2012Q4,Queensland,Education and Training,17.56,18.49,0.93
2012Q4,Queensland,Health Care and Social Assistance,27.08,26.72,-0.36
2012Q4,Queensland,Manufacturing,25.29,23.11,-2.18
2012Q4,Queensland,"Professional, Scientific and Technical Services",43.79,40.14,-3.65
2012Q4,Victoria,Accommodation and Food Services,20.49,19.30,-1.19
2012Q4,Victoria,Construction,30.03,28.73,-1.30
2012Q4,Victoria,Education and Training,16.88,18.55,1.67
2012Q4,Victoria,Health Care and Social Assistance,25.07,25.82,0.75
2012Q4,Victoria,Manufacturing,21.43,20.50,-0.93
2012Q4,Victoria,"Professional, Scientific and Technical Services",34.54,36.85,2.31
2013Q1,New South Wales,Accommodation and Food Services,19.68,18.57,-1.11
2013Q1,New South Wales,Construction,22.00,20.62,-1.38
2013Q1,New South Wales,Education and Training,15.36,15.24,-0.12
2013Q1,New South Wales,Health Care and Social Assistance,22.07,22.32,0.25
2013Q1,New South Wales,Manufacturing,20.77,19.92,-0.85
2013Q1,New South Wales,"Professional, Scientific and Technical Services",25.18,23.84,-1.34
2013Q1,Queensland,Accommodation and Food Services,26.26,22.96,-3.30
2013Q1,Queensland,Construction,23.05,21.45,-1.60
2013Q1,Queensland,Education and Training,16.90,16.44,-0.46
2013Q1,Queensland,Health Care and Social Assistance,25.35,25.21,-0.14
2013Q1,Queensland,Manufacturing,26.61,24.24,-2.37
2013Q1,Queensland,"Professional, Scientific and Technical Services",34.59,32.68,-1.91
2013Q1,Victoria,Accommodation and Food Services,22.66,20.79,-1.87
2013Q1,Victoria,Construction,22.77,21.25,-1.52
2013Q1,Victoria,Education and Training,15.86,15.70,-0.16
2013Q1,Victoria,Health Care and Social Assistance,23.77,23.68,-0.09
2013Q1,Victoria,Manufacturing,20.94,20.33,-0.61
2013Q1,Victoria,"Professional, Scientific and Technical Services",27.04,26.15,-0.89
2013Q2,New South Wales,Accommodation and Food Services,19.43,18.12,-1.31
2013Q2,New South Wales,Construction,25.85,24.26,-1.59
2013Q2,New South Wales,Education and Training,14.18,14.37,0.19
2013Q2,New South Wales,Health Care and Social Assistance,22.38,22.43,0.05
2013Q2,New South Wales,Manufacturing,19.58,18.59,-0.99
2013Q2,New South Wales,"Professional, Scientific and Technical Services",21.90,21.35,-0.55
2013Q2,Queensland,Accommodation and Food Services,23.20,20.69,-2.51
2013Q2,Queensland,Construction,28.47,26.46,-2.01
2013Q2,Queensland,Education and Training,16.07,19.18,3.11
2013Q2,Queensland,Health Care and Social Assistance,25.82,25.38,-0.44
2013Q2,Queensland,Manufacturing,24.43,22.87,-1.56
2013Q2,Queensland,"Professional, Scientific and Technical Services",28.20,26.89,-1.31
2013Q2,Victoria,Accommodation and Food Services,22.11,20.79,-1.32
2013Q2,Victoria,Construction,27.64,24.72,-2.92
2013Q2,Victoria,Education and Training,14.82,15.25,0.43
2013Q2,Victoria,Health Care and Social Assistance,23.63,23.56,-0.07
2013Q2,Victoria,Manufacturing,19.53,18.54,-0.99
2013Q2,Victoria,"Professional, Scientific and Technical Services",24.00,23.35,-0.65
2013Q3,New South Wales,Accommodation and Food Services,19.32,17.89,-1.43
2013Q3,New South Wales,Construction,23.72,23.82,0.10
2013Q3,New South Wales,Education and Training,13.80,14.35,0.55
2013Q3,New South Wales,Health Care and Social Assistance,18.29,18.99,0.70
2013Q3,New South Wales,Manufacturing,20.50,19.84,-0.66
2013Q3,New South Wales,"Professional, Scientific and Technical Services",17.39,17.80,0.41
2013Q3,Queensland,Accommodation and Food Services,24.72,22.10,-2.62
2013Q3,Queensland,Construction,25.64,23.88,-1.76
2013Q3,Queensland,Education and Training,15.79,16.44,0.65
2013Q3,Queensland,Health Care and Social Assistance,22.02,23.73,1.71
2013Q3,Queensland,Manufacturing,23.68,22.78,-0.90
2013Q3,Queensland,"Professional, Scientific and Technical Services",24.68,29.38,4.70
2013Q3,Victoria,Accommodation and Food Services,21.27,20.37,-0.90
2013Q3,Victoria,Construction,25.01,22.93,-2.08
2013Q3,Victoria,Education and Training,14.55,15.80,1.25
2013Q3,Victoria,Health Care and Social Assistance,19.80,20.51,0.71
2013Q3,Victoria,Manufacturing,20.06,19.07,-0.99
2013Q3,Victoria,"Professional, Scientific and Technical Services",18.11,19.83,1.72
2013Q4,New South Wales,Accommodation and Food Services,24.33,22.08,-2.25
2013Q4,New South Wales,Construction,19.54,18.96,-0.58
2013Q4,New South Wales,Education and Training,15.68,16.06,0.38
2013Q4,New South Wales,Health Care and Social Assistance,17.74,19.66,1.92
2013Q4,New South Wales,Manufacturing,17.16,16.65,-0.51
2013Q4,New South Wales,"Professional, Scientific and Technical Services",14.24,15.37,1.13
2013Q4,Queensland,Accommodation and Food Services,33.31,29.25,-4.06
2013Q4,Queensland,Construction,20.74,19.85,-0.89
2013Q4,Queensland,Education and Training,16.98,18.16,1.18
2013Q4,Queensland,Health Care and Social Assistance,20.69,21.08,0.39
2013Q4,Queensland,Manufacturing,18.69,18.32,-0.37
2013Q4,Queensland,"Professional, Scientific and Technical Services",22.51,29.32,6.81
2013Q4,Victoria,Accommodation and Food Services,28.09,25.14,-2.95
2013Q4,Victoria,Construction,20.33,19.46,-0.87
2013Q4,Victoria,Education and Training,16.07,16.35,0.28
2013Q4,Victoria,Health Care and Social Assistance,18.92,19.68,0.76
2013Q4,Victoria,Manufacturing,17.13,16.74,-0.39
2013Q4,Victoria,"Professional, Scientific and Technical Services",15.98,16.23,0.25
2014Q1,New South Wales,Accommodation and Food Services,22.19,19.75,-2.44
2014Q1,New South Wales,Construction,23.96,22.78,-1.18
2014Q1,New South Wales,Education and Training,17.15,17.18,0.03
2014Q1,New South Wales,Health Care and Social Assistance,19.06,19.86,0.80
2014Q1,New South Wales,Manufacturing,19.99,18.99,-1.00
2014Q1,New South Wales,"Professional, Scientific and Technical Services",16.09,16.85,0.76
2014Q1,Queensland,Accommodation and Food Services,29.79,25.80,-3.99
2014Q1,Queensland,Construction,26.62,24.22,-2.40
2014Q1,Queensland,Education and Training,18.23,17.89,-0.34
2014Q1,Queensland,Health Care and Social Assistance,22.00,22.31,0.31
2014Q1,Queensland,Manufacturing,23.17,21.61,-1.56
2014Q1,Queensland,"Professional, Scientific and Technical Services",22.69,23.46,0.77
2014Q1,Victoria,Accommodation and Food Services,26.81,23.25,-3.56
2014Q1,Victoria,Construction,25.71,23.79,-1.92
2014Q1,Victoria,Education and Training,17.63,17.33,-0.30
2014Q1,Victoria,Health Care and Social Assistance,20.61,20.20,-0.41
2014Q1,Victoria,Manufacturing,20.11,19.25,-0.86
2014Q1,Victoria,"Professional, Scientific and Technical Services",17.82,17.26,-0.56
2014Q2,New South Wales,Accommodation and Food Services,17.13,16.11,-1.02
2014Q2,New South Wales,Construction,21.15,20.69,-0.46
2014Q2,New South Wales,Education and Training,16.92,17.13,0.21
2014Q2,New South Wales,Health Care and Social Assistance,19.55,19.87,0.32
2014Q2,New South Wales,Manufacturing,19.40,18.31,-1.09
2014Q2,New South Wales,"Professional, Scientific and Technical Services",18.29,19.89,1.60
2014Q2,Queensland,Accommodation and Food Services,20.74,18.87,-1.87
2014Q2,Queensland,Construction,24.58,23.04,-1.54
2014Q2,Queensland,Education and Training,17.58,17.82,0.24
2014Q2,Queensland,Health Care and Social Assistance,22.16,22.07,-0.09
2014Q2,Queensland,Manufacturing,24.29,22.09,-2.20
2014Q2,Queensland,"Professional, Scientific and Technical Services",25.88,25.66,-0.22
2014Q2,Victoria,Accommodation and Food Services,19.23,17.55,-1.68
2014Q2,Victoria,Construction,23.74,22.62,-1.12
2014Q2,Victoria,Education and Training,17.15,17.37,0.22
2014Q2,Victoria,Health Care and Social Assistance,20.52,20.75,0.23
2014Q2,Victoria,Manufacturing,19.55,18.72,-0.83
2014Q2,Victoria,"Professional, Scientific and Technical Services",20.69,21.33,0.64
2014Q3,New South Wales,Accommodation and Food Services,21.30,19.50,-1.80
2014Q3,New South Wales,Construction,18.03,18.20,0.17
2014Q3,New South Wales,Education and Training,17.21,17.27,0.06
2014Q3,New South Wales,Health Care and Social Assistance,19.54,19.94,0.40
2014Q3,New South Wales,Manufacturing,19.44,18.22,-1.22
2014Q3,New South Wales,"Professional, Scientific and Technical Services",18.91,19.52,0.61
2014Q3,Queensland,Accommodation and Food Services,25.50,22.16,-3.34
2014Q3,Queensland,Construction,20.75,19.37,-1.38
2014Q3,Queensland,Education and Training,18.44,19.70,1.26
2014Q3,Queensland,Health Care and Social Assistance,21.64,21.59,-0.05
2014Q3,Queensland,Manufacturing,23.50,21.48,-2.02
2014Q3,Queensland,"Professional, Scientific and Technical Services",25.90,28.28,2.38
2014Q3,Victoria,Accommodation and Food Services,23.57,20.73,-2.84
2014Q3,Victoria,Construction,20.44,19.24,-1.20
2014Q3,Victoria,Education and Training,17.69,17.77,0.08
2014Q3,Victoria,Health Care and Social Assistance,20.77,20.15,-0.62
2014Q3,Victoria,Manufacturing,18.97,17.97,-1.00
2014Q3,Victoria,"Professional, Scientific and Technical Services",21.01,21.22,0.21
2014Q4,New South Wales,Accommodation and Food Services,24.21,21.41,-2.80
2014Q4,New South Wales,Construction,17.08,17.08,0.00
2014Q4,New South Wales,Education and Training,19.15,19.18,0.03
2014Q4,New South Wales,Health Care and Social Assistance,18.99,19.69,0.70
2014Q4,New South Wales,Manufacturing,19.05,18.52,-0.53
2014Q4,New South Wales,"Professional, Scientific and Technical Services",18.02,20.25,2.23
2014Q4,Queensland,Accommodation and Food Services,28.88,25.16,-3.72
2014Q4,Queensland,Construction,20.26,18.94,-1.32
2014Q4,Queensland,Education and Training,20.87,20.98,0.11
2014Q4,Queensland,Health Care and Social Assistance,22.06,21.66,-0.40
2014Q4,Queensland,Manufacturing,24.01,22.41,-1.60
2014Q4,Queensland,"Professional, Scientific and Technical Services",25.20,29.24,4.04
2014Q4,Victoria,Accommodation and Food Services,27.53,23.80,-3.73
2014Q4,Victoria,Construction,19.55,18.60,-0.95
2014Q4,Victoria,Education and Training,19.64,19.79,0.15
2014Q4,Victoria,Health Care and Social Assistance,20.35,20.12,-0.23
2014Q4,Victoria,Manufacturing,19.04,18.24,-0.80
2014Q4,Victoria,"Professional, Scientific and Technical Services",21.24,20.75,-0.49
2015Q1,New South Wales,Accommodation and Food Services,21.39,19.15,-2.24
2015Q1,New South Wales,Construction,14.04,13.76,-0.28
2015Q1,New South Wales,Education and Training,15.33,15.18,-0.15
2015Q1,New South Wales,Health Care and Social Assistance,17.90,18.28,0.38
2015Q1,New South Wales,Manufacturing,18.16,17.44,-0.72
2015Q1,New South Wales,"Professional, Scientific and Technical Services",15.02,15.89,0.87
2015Q1,Queensland,Accommodation and Food Services,25.38,23.06,-2.32
2015Q1,Queensland,Construction,16.77,15.66,-1.11
2015Q1,Queensland,Education and Training,16.44,16.23,-0.21
2015Q1,Queensland,Health Care and Social Assistance,21.43,21.18,-0.25
2015Q1,Queensland,Manufacturing,22.23,20.34,-1.89
2015Q1,Queensland,"Professional, Scientific and Technical Services",22.63,25.04,2.41
2015Q1,Victoria,Accommodation and Food Services,23.56,21.12,-2.44
2015Q1,Victoria,Construction,15.60,15.59,-0.01
2015Q1,Victoria,Education and Training,15.68,15.52,-0.16
2015Q1,Victoria,Health Care and Social Assistance,19.49,20.23,0.74
2015Q1,Victoria,Manufacturing,18.08,17.47,-0.61
2015Q1,Victoria,"Professional, Scientific and Technical Services",16.65,17.82,1.17
2015Q2,New South Wales,Accommodation and Food Services,22.06,19.95,-2.11
2015Q2,New South Wales,Construction,12.88,13.54,0.66
2015Q2,New South Wales,Education and Training,14.77,15.33,0.56
2015Q2,New South Wales,Health Care and Social Assistance,17.22,17.95,0.73
2015Q2,New South Wales,Manufacturing,19.20,18.62,-0.58
2015Q2,New South Wales,"Professional, Scientific and Technical Services",14.73,16.07,1.34
2015Q2,Queensland,Accommodation and Food Services,25.88,22.79,-3.09
2015Q2,Queensland,Construction,16.22,15.93,-0.29
2015Q2,Queensland,Education and Training,15.82,16.44,0.62
2015Q2,Queensland,Health Care and Social Assistance,20.36,23.46,3.10
2015Q2,Queensland,Manufacturing,22.75,20.82,-1.93
2015Q2,Queensland,"Professional, Scientific and Technical Services",21.58,22.91,1.33
2015Q2,Victoria,Accommodation and Food Services,24.06,21.28,-2.78
2015Q2,Victoria,Construction,14.50,15.08,0.58
2015Q2,Victoria,Education and Training,15.14,14.97,-0.17
2015Q2,Victoria,Health Care and Social Assistance,18.95,19.54,0.59
2015Q2,Victoria,Manufacturing,18.66,18.19,-0.47
2015Q2,Victoria,"Professional, Scientific and Technical Services",16.85,17.58,0.73
2015Q3,New South Wales,Accommodation and Food Services,22.37,20.71,-1.66
2015Q3,New South Wales,Construction,11.71,11.80,0.09
2015Q3,New South Wales,Education and Training,16.88,17.40,0.52
2015Q3,New South Wales,Health Care and Social Assistance,17.84,17.86,0.02
2015Q3,New South Wales,Manufacturing,16.74,16.48,-0.26
2015Q3,New South Wales,"Professional, Scientific and Technical Services",14.40,18.06,3.66
2015Q3,Queensland,Accommodation and Food Services,29.48,25.35,-4.13
2015Q3,Queensland,Construction,14.61,14.13,-0.48
2015Q3,Queensland,Education and Training,18.16,20.53,2.37
2015Q3,Queensland,Health Care and Social Assistance,20.87,24.26,3.39
2015Q3,Queensland,Manufacturing,19.67,18.32,-1.35
2015Q3,Queensland,"Professional, Scientific and Technical Services",22.68,23.50,0.82
2015Q3,Victoria,Accommodation and Food Services,25.35,22.37,-2.98
2015Q3,Victoria,Construction,12.77,12.92,0.15
2015Q3,Victoria,Education and Training,17.25,17.16,-0.09
2015Q3,Victoria,Health Care and Social Assistance,19.48,20.26,0.78
2015Q3,Victoria,Manufacturing,16.79,16.36,-0.43
2015Q3,Victoria,"Professional, Scientific and Technical Services",17.60,20.32,2.72
2015Q4,New South Wales,Accommodation and Food Services,25.09,23.67,-1.42
2015Q4,New South Wales,Construction,10.79,11.38,0.59
2015Q4,New South Wales,Education and Training,14.87,15.13,0.26
2015Q4,New South Wales,Health Care and Social Assistance,16.15,16.66,0.51
2015Q4,New South Wales,Manufacturing,17.45,17.28,-0.17
2015Q4,New South Wales,"Professional, Scientific and Technical Services",14.15,17.82,3.67
2015Q4,Queensland,Accommodation and Food Services,32.47,28.09,-4.38
2015Q4,Queensland,Construction,13.24,13.40,0.16
2015Q4,Queensland,Education and Training,16.18,22.61,6.43
2015Q4,Queensland,Health Care and Social Assistance,18.94,20.34,1.40
2015Q4,Queensland,Manufacturing,20.01,19.15,-0.86
2015Q4,Queensland,"Professional, Scientific and Technical Services",23.01,24.25,1.24
2015Q4,Victoria,Accommodation and Food Services,28.77,24.72,-4.05
2015Q4,Victoria,Construction,11.51,11.75,0.24
2015Q4,Victoria,Education and Training,15.71,16.66,0.95
2015Q4,Victoria,Health Care and Social Assistance,17.84,18.69,0.85
2015Q4,Victoria,Manufacturing,17.01,16.62,-0.39
2015Q4,Victoria,"Professional, Scientific and Technical Services",17.59,18.93,1.34
2016Q1,New South Wales,Accommodation and Food Services,25.53,22.35,-3.18
2016Q1,New South Wales,Construction,11.90,12.53,0.63
2016Q1,New South Wales,Education and Training,15.61,15.61,0.00
2016Q1,New South Wales,Health Care and Social Assistance,17.48,18.63,1.15
2016Q1,New South Wales,Manufacturing,14.99,15.44,0.45
2016Q1,New South Wales,"Professional, Scientific and Technical Services",14.05,14.66,0.61
2016Q1,Queensland,Accommodation and Food Services,33.15,28.35,-4.80
2016Q1,Queensland,Construction,14.12,14.23,0.11
2016Q1,Queensland,Education and Training,17.32,16.95,-0.37
2016Q1,Queensland,Health Care and Social Assistance,20.91,22.53,1.62
2016Q1,Queensland,Manufacturing,18.15,17.63,-0.52
2016Q1,Queensland,"Professional, Scientific and Technical Services",21.36,22.42,1.06
2016Q1,Victoria,Accommodation and Food Services,28.67,25.22,-3.45
2016Q1,Victoria,Construction,12.16,12.91,0.75
2016Q1,Victoria,Education and Training,16.41,16.42,0.01
2016Q1,Victoria,Health Care and Social Assistance,18.91,19.05,0.14
2016Q1,Victoria,Manufacturing,15.13,14.78,-0.35
2016Q1,Victoria,"Professional, Scientific and Technical Services",17.26,19.34,2.08
2016Q2,New South Wales,Accommodation and Food Services,20.08,18.43,-1.65
2016Q2,New South Wales,Construction,9.96,10.35,0.39
2016Q2,New South Wales,Education and Training,14.94,16.31,1.37
2016Q2,New South Wales,Health Care and Social Assistance,16.16,17.25,1.09
2016Q2,New South Wales,Manufacturing,16.34,16.16,-0.18
2016Q2,New South Wales,"Professional, Scientific and Technical Services",14.01,16.47,2.46
2016Q2,Queensland,Accommodation and Food Services,25.89,22.69,-3.20
2016Q2,Queensland,Construction,12.30,12.90,0.60
2016Q2,Queensland,Education and Training,17.10,18.13,1.03
2016Q2,Queensland,Health Care and Social Assistance,19.45,21.33,1.88
2016Q2,Queensland,Manufacturing,20.43,19.21,-1.22
2016Q2,Queensland,"Professional, Scientific and Technical Services",22.82,22.99,0.17
2016Q2,Victoria,Accommodation and Food Services,21.88,20.09,-1.79
2016Q2,Victoria,Construction,10.96,11.78,0.82
2016Q2,Victoria,Education and Training,16.00,16.48,0.48
2016Q2,Victoria,Health Care and Social Assistance,17.50,19.03,1.53
2016Q2,Victoria,Manufacturing,15.98,15.64,-0.34
2016Q2,Victoria,"Professional, Scientific and Technical Services",16.24,18.20,1.96
2016Q3,New South Wales,Accommodation and Food Services,23.85,20.95,-2.90
2016Q3,New South Wales,Construction,11.59,11.87,0.28
2016Q3,New South Wales,Education and Training,13.83,15.68,1.85
2016Q3,New South Wales,Health Care and Social Assistance,17.84,19.45,1.61
2016Q3,New South Wales,Manufacturing,13.46,13.40,-0.06
2016Q3,New South Wales,"Professional, Scientific and Technical Services",14.78,16.03,1.25
2016Q3,Queensland,Accommodation and Food Services,29.59,25.89,-3.70
2016Q3,Queensland,Construction,14.37,13.92,-0.45
2016Q3,Queensland,Education and Training,15.81,18.18,2.37
2016Q3,Queensland,Health Care and Social Assistance,22.04,23.36,1.32
2016Q3,Queensland,Manufacturing,16.27,15.82,-0.45
2016Q3,Queensland,"Professional, Scientific and Technical Services",23.72,23.88,0.16
2016Q3,Victoria,Accommodation and Food Services,25.09,22.69,-2.40
2016Q3,Victoria,Construction,13.05,13.75,0.70
2016Q3,Victoria,Education and Training,14.43,15.37,0.94
2016Q3,Victoria,Health Care and Social Assistance,19.54,22.47,2.93
2016Q3,Victoria,Manufacturing,12.96,12.88,-0.08
2016Q3,Victoria,"Professional, Scientific and Technical Services",17.63,20.31,2.68
2016Q4,New South Wales,Accommodation and Food Services,22.23,20.34,-1.89
2016Q4,New South Wales,Construction,11.86,12.82,0.96
2016Q4,New South Wales,Education and Training,14.05,14.90,0.85
2016Q4,New South Wales,Health Care and Social Assistance,17.51,20.78,3.27
2016Q4,New South Wales,Manufacturing,12.07,12.62,0.55
2016Q4,New South Wales,"Professional, Scientific and Technical Services",12.34,13.64,1.30
2016Q4,Queensland,Accommodation and Food Services,27.50,24.43,-3.07
2016Q4,Queensland,Construction,14.34,14.39,0.05
2016Q4,Queensland,Education and Training,16.14,17.29,1.15
2016Q4,Queensland,Health Care and Social Assistance,21.27,21.59,0.32
2016Q4,Queensland,Manufacturing,15.12,16.60,1.48
2016Q4,Queensland,"Professional, Scientific and Technical Services",21.16,25.33,4.17
2016Q4,Victoria,Accommodation and Food Services,23.04,20.69,-2.35
2016Q4,Victoria,Construction,13.47,13.72,0.25
2016Q4,Victoria,Education and Training,14.61,14.89,0.28
2016Q4,Victoria,Health Care and Social Assistance,18.90,20.22,1.32
2016Q4,Victoria,Manufacturing,11.74,11.72,-0.02
2016Q4,Victoria,"Professional, Scientific and Technical Services",15.60,17.75,2.15
2017Q1,New South Wales,Accommodation and Food Services,23.22,20.74,-2.48
2017Q1,New South Wales,Construction,12.71,13.22,0.51
2017Q1,New South Wales,Education and Training,13.64,13.58,-0.06
2017Q1,New South Wales,Health Care and Social Assistance,17.32,19.06,1.74
2017Q1,New South Wales,Manufacturing,14.69,14.86,0.17
2017Q1,New South Wales,"Professional, Scientific and Technical Services",14.67,16.27,1.60
2017Q1,Queensland,Accommodation and Food Services,30.11,25.73,-4.38
2017Q1,Queensland,Construction,15.83,16.02,0.19
2017Q1,Queensland,Education and Training,15.87,15.28,-0.59
2017Q1,Queensland,Health Care and Social Assistance,21.84,22.74,0.90
2017Q1,Queensland,Manufacturing,18.34,17.29,-1.05
2017Q1,Queensland,"Professional, Scientific and Technical Services",24.65,23.38,-1.27
2017Q1,Victoria,Accommodation and Food Services,25.04,21.97,-3.07
2017Q1,Victoria,Construction,14.68,14.75,0.07
2017Q1,Victoria,Education and Training,14.18,14.02,-0.16
2017Q1,Victoria,Health Care and Social Assistance,18.31,18.29,-0.02
2017Q1,Victoria,Manufacturing,14.51,14.57,0.06
2017Q1,Victoria,"Professional, Scientific and Technical Services",17.48,17.52,0.04
2017Q2,New South Wales,Accommodation and Food Services,18.52,17.60,-0.92
2017Q2,New South Wales,Construction,12.82,13.51,0.69
2017Q2,New South Wales,Education and Training,14.20,14.71,0.51
2017Q2,New South Wales,Health Care and Social Assistance,19.04,21.99,2.95
2017Q2,New South Wales,Manufacturing,13.83,14.77,0.94
2017Q2,New South Wales,"Professional, Scientific and Technical Services",12.63,14.67,2.04
2017Q2,Queensland,Accommodation and Food Services,24.07,21.32,-2.75
2017Q2,Queensland,Construction,14.62,15.05,0.43
2017Q2,Queensland,Education and Training,16.01,15.80,-0.21
2017Q2,Queensland,Health Care and Social Assistance,22.18,24.13,1.95
2017Q2,Queensland,Manufacturing,17.86,18.29,0.43
2017Q2,Queensland,"Professional, Scientific and Technical Services",23.05,23.27,0.22
2017Q2,Victoria,Accommodation and Food Services,21.10,18.84,-2.26
2017Q2,Victoria,Construction,13.91,15.38,1.47
2017Q2,Victoria,Education and Training,14.42,14.61,0.19
2017Q2,Victoria,Health Care and Social Assistance,20.16,22.17,2.01
2017Q2,Victoria,Manufacturing,13.75,13.94,0.19
2017Q2,Victoria,"Professional, Scientific and Technical Services",16.14,17.33,1.19
2017Q3,New South Wales,Accommodation and Food Services,22.95,20.60,-2.35
2017Q3,New South Wales,Construction,13.18,13.44,0.26
2017Q3,New South Wales,Education and Training,14.55,15.67,1.12
2017Q3,New South Wales,Health Care and Social Assistance,20.62,23.25,2.63
2017Q3,New South Wales,Manufacturing,16.60,17.37,0.77
2017Q3,New South Wales,"Professional, Scientific and Technical Services",14.95,17.07,2.12
2017Q3,Queensland,Accommodation and Food Services,28.26,26.13,-2.13
2017Q3,Queensland,Construction,15.88,16.42,0.54
2017Q3,Queensland,Education and Training,16.49,16.84,0.35
2017Q3,Queensland,Health Care and Social Assistance,24.55,24.47,-0.08
2017Q3,Queensland,Manufacturing,21.08,22.85,1.77
2017Q3,Queensland,"Professional, Scientific and Technical Services",26.34,29.66,3.32
2017Q3,Victoria,Accommodation and Food Services,25.10,22.41,-2.69
2017Q3,Victoria,Construction,14.65,15.33,0.68
2017Q3,Victoria,Education and Training,15.47,15.89,0.42
2017Q3,Victoria,Health Care and Social Assistance,22.30,25.01,2.71
2017Q3,Victoria,Manufacturing,16.06,15.71,-0.35
2017Q3,Victoria,"Professional, Scientific and Technical Services",18.15,19.20,1.05
2017Q4,New South Wales,Accommodation and Food Services,22.38,20.56,-1.82
2017Q4,New South Wales,Construction,13.66,13.99,0.33
2017Q4,New South Wales,Education and Training,13.76,14.65,0.89
2017Q4,New South Wales,Health Care and Social Assistance,20.75,23.77,3.02
2017Q4,New South Wales,Manufacturing,18.17,18.48,0.31
2017Q4,New South Wales,"Professional, Scientific and Technical Services",17.40,19.62,2.22
2017Q4,Queensland,Accommodation and Food Services,27.69,24.89,-2.80
2017Q4,Queensland,Construction,17.06,17.11,0.05
2017Q4,Queensland,Education and Training,15.68,16.20,0.52
2017Q4,Queensland,Health Care and Social Assistance,24.88,25.87,0.99
2017Q4,Queensland,Manufacturing,23.21,23.42,0.21
2017Q4,Queensland,"Professional, Scientific and Technical Services",28.38,38.09,9.71
2017Q4,Victoria,Accommodation and Food Services,23.27,21.34,-1.93
2017Q4,Victoria,Construction,15.41,17.28,1.87
2017Q4,Victoria,Education and Training,14.39,17.08,2.69
2017Q4,Victoria,Health Care and Social Assistance,23.23,24.39,1.16
2017Q4,Victoria,Manufacturing,17.67,17.28,-0.39
2017Q4,Victoria,"Professional, Scientific and Technical Services",18.89,19.51,0.62
2018Q1,New South Wales,Accommodation and Food Services,21.74,19.65,-2.09
2018Q1,New South Wales,Construction,13.17,13.42,0.25
2018Q1,New South Wales,Education and Training,14.38,14.41,0.03
2018Q1,New South Wales,Health Care and Social Assistance,20.35,22.11,1.76
2018Q1,New South Wales,Manufacturing,17.22,19.69,2.47
2018Q1,New South Wales,"Professional, Scientific and Technical Services",17.14,18.64,1.50
2018Q1,Queensland,Accommodation and Food Services,27.87,24.09,-3.78
2018Q1,Queensland,Construction,16.74,16.45,-0.29
2018Q1,Queensland,Education and Training,16.63,16.01,-0.62
2018Q1,Queensland,Health Care and Social Assistance,23.82,24.18,0.36
2018Q1,Queensland,Manufacturing,20.72,21.21,0.49
2018Q1,Queensland,"Professional, Scientific and Technical Services",28.97,33.01,4.04
2018Q1,Victoria,Accommodation and Food Services,22.89,20.52,-2.37
2018Q1,Victoria,Construction,14.72,15.46,0.74
2018Q1,Victoria,Education and Training,15.26,15.20,-0.06
2018Q1,Victoria,Health Care and Social Assistance,22.82,22.92,0.10
2018Q1,Victoria,Manufacturing,16.80,16.19,-0.61
2018Q1,Victoria,"Professional, Scientific and Technical Services",19.34,20.37,1.03
2018Q2,New South Wales,Accommodation and Food Services,20.42,18.57,-1.85
2018Q2,New South Wales,Construction,15.08,15.39,0.31
2018Q2,New South Wales,Education and Training,15.01,15.30,0.29
2018Q2,New South Wales,Health Care and Social Assistance,20.62,21.26,0.64
2018Q2,New South Wales,Manufacturing,15.51,15.52,0.01
2018Q2,New South Wales,"Professional, Scientific and Technical Services",18.13,19.45,1.32
2018Q2,Queensland,Accommodation and Food Services,25.96,22.95,-3.01
2018Q2,Queensland,Construction,18.62,17.88,-0.74
2018Q2,Queensland,Education and Training,16.82,16.92,0.10
2018Q2,Queensland,Health Care and Social Assistance,24.33,25.20,0.87
2018Q2,Queensland,Manufacturing,20.16,19.01,-1.15
2018Q2,Queensland,"Professional, Scientific and Technical Services",30.33,38.57,8.24
2018Q2,Victoria,Accommodation and Food Services,21.50,20.18,-1.32
2018Q2,Victoria,Construction,15.70,17.29,1.59
2018Q2,Victoria,Education and Training,15.55,15.97,0.42
2018Q2,Victoria,Health Care and Social Assistance,22.65,24.00,1.35
2018Q2,Victoria,Manufacturing,16.16,16.48,0.32
2018Q2,Victoria,"Professional, Scientific and Technical Services",21.66,25.38,3.72
2018Q3,New South Wales,Accommodation and Food Services,24.46,21.70,-2.76
2018Q3,New South Wales,Construction,14.57,15.54,0.97
2018Q3,New South Wales,Education and Training,16.59,16.96,0.37
2018Q3,New South Wales,Health Care and Social Assistance,22.33,22.61,0.28
2018Q3,New South Wales,Manufacturing,16.05,17.21,1.16
2018Q3,New South Wales,"Professional, Scientific and Technical Services",19.42,20.70,1.28
2018Q3,Queensland,Accommodation and Food Services,29.48,25.61,-3.87
2018Q3,Queensland,Construction,18.65,17.81,-0.84
2018Q3,Queensland,Education and Training,18.22,20.65,2.43
2018Q3,Queensland,Health Care and Social Assistance,27.22,29.87,2.65
2018Q3,Queensland,Manufacturing,19.34,19.21,-0.13
2018Q3,Queensland,"Professional, Scientific and Technical Services",34.76,38.74,3.98
2018Q3,Victoria,Accommodation and Food Services,26.79,23.72,-3.07
2018Q3,Victoria,Construction,15.95,18.88,2.93
2018Q3,Victoria,Education and Training,17.41,18.20,0.79
2018Q3,Victoria,Health Care and Social Assistance,23.83,25.03,1.20
2018Q3,Victoria,Manufacturing,16.23,15.81,-0.42
2018Q3,Victoria,"Professional, Scientific and Technical Services",24.95,25.87,0.92
2018Q4,New South Wales,Accommodation and Food Services,22.22,20.59,-1.63
2018Q4,New South Wales,Construction,14.89,14.88,-0.01
2018Q4,New South Wales,Education and Training,15.42,16.78,1.36
2018Q4,New South Wales,Health Care and Social Assistance,22.71,23.67,0.96
2018Q4,New South Wales,Manufacturing,17.18,17.04,-0.14
2018Q4,New South Wales,"Professional, Scientific and Technical Services",18.93,26.72,7.79
2018Q4,Queensland,Accommodation and Food Services,26.69,25.88,-0.81
2018Q4,Queensland,Construction,19.99,19.89,-0.10
2018Q4,Queensland,Education and Training,17.17,23.69,6.52
2018Q4,Queensland,Health Care and Social Assistance,28.02,33.93,5.91
2018Q4,Queensland,Manufacturing,20.44,18.85,-1.59
2018Q4,Queensland,"Professional, Scientific and Technical Services",33.45,39.64,6.19
2018Q4,Victoria,Accommodation and Food Services,24.62,22.49,-2.13
2018Q4,Victoria,Construction,17.21,19.07,1.86
2018Q4,Victoria,Education and Training,16.09,16.82,0.73
2018Q4,Victoria,Health Care and Social Assistance,24.57,26.54,1.97
2018Q4,Victoria,Manufacturing,16.41,16.10,-0.31
2018Q4,Victoria,"Professional, Scientific and Technical Services",22.38,24.03,1.65
2019Q1,New South Wales,Accommodation and Food Services,21.95,19.69,-2.26
2019Q1,New South Wales,Construction,15.85,15.87,0.02
2019Q1,New South Wales,Education and Training,15.10,15.38,0.28
2019Q1,New South Wales,Health Care and Social Assistance,24.49,25.80,1.31
2019Q1,New South Wales,Manufacturing,16.33,17.43,1.10
2019Q1,New South Wales,"Professional, Scientific and Technical Services",22.95,23.94,0.99
2019Q1,Queensland,Accommodation and Food Services,27.82,24.37,-3.45
2019Q1,Queensland,Construction,19.35,19.50,0.15
2019Q1,Queensland,Education and Training,16.56,17.07,0.51
2019Q1,Queensland,Health Care and Social Assistance,28.09,28.17,0.08
2019Q1,Queensland,Manufacturing,21.52,20.69,-0.83
2019Q1,Queensland,"Professional, Scientific and Technical Services",39.83,39.09,-0.74
2019Q1,Victoria,Accommodation and Food Services,26.40,23.33,-3.07
2019Q1,Victoria,Construction,17.43,17.50,0.07
2019Q1,Victoria,Education and Training,15.50,15.69,0.19
2019Q1,Victoria,Health Care and Social Assistance,26.35,26.31,-0.04
2019Q1,Victoria,Manufacturing,15.74,15.49,-0.25
2019Q1,Victoria,"Professional, Scientific and Technical Services",26.47,26.83,0.36
2019Q2,New South Wales,Accommodation and Food Services,20.04,18.68,-1.36
2019Q2,New South Wales,Construction,14.72,14.66,-0.06
2019Q2,New South Wales,Education and Training,14.63,16.21,1.58
2019Q2,New South Wales,Health Care and Social Assistance,26.38,31.95,5.57
2019Q2,New South Wales,Manufacturing,15.21,15.53,0.32
2019Q2,New South Wales,"Professional, Scientific and Technical Services",22.82,24.45,1.63
2019Q2,Queensland,Accommodation and Food Services,24.56,21.63,-2.93
2019Q2,Queensland,Construction,18.29,18.02,-0.27
2019Q2,Queensland,Education and Training,16.39,17.90,1.51
2019Q2,Queensland,Health Care and Social Assistance,31.42,31.08,-0.34
2019Q2,Queensland,Manufacturing,19.37,18.50,-0.87
2019Q2,Queensland,"Professional, Scientific and Technical Services",38.67,41.65,2.98
2019Q2,Victoria,Accommodation and Food Services,24.41,21.71,-2.70
2019Q2,Victoria,Construction,15.85,16.74,0.89
2019Q2,Victoria,Education and Training,14.90,16.20,1.30
2019Q2,Victoria,Health Care and Social Assistance,29.27,31.22,1.95
2019Q2,Victoria,Manufacturing,15.31,15.21,-0.10
2019Q2,Victoria,"Professional, Scientific and Technical Services",25.30,26.71,1.41
2019Q3,New South Wales,Accommodation and Food Services,18.49,17.42,-1.07
2019Q3,New South Wales,Construction,14.45,14.78,0.33
2019Q3,New South Wales,Education and Training,12.35,16.69,4.34
2019Q3,New South Wales,Health Care and Social Assistance,24.29,25.47,1.18
2019Q3,New South Wales,Manufacturing,14.67,15.62,0.95
2019Q3,New South Wales,"Professional, Scientific and Technical Services",21.98,23.34,1.36
2019Q3,Queensland,Accommodation and Food Services,22.88,20.94,-1.94
2019Q3,Queensland,Construction,17.36,17.39,0.03
2019Q3,Queensland,Education and Training,14.08,16.32,2.24
2019Q3,Queensland,Health Care and Social Assistance,29.24,28.61,-0.63
2019Q3,Queensland,Manufacturing,18.26,17.77,-0.49
2019Q3,Queensland,"Professional, Scientific and Technical Services",35.39,34.84,-0.55
2019Q3,Victoria,Accommodation and Food Services,21.79,19.88,-1.91
2019Q3,Victoria,Construction,15.63,16.96,1.33
2019Q3,Victoria,Education and Training,12.58,14.53,1.95
2019Q3,Victoria,Health Care and Social Assistance,27.14,27.02,-0.12
2019Q3,Victoria,Manufacturing,13.98,14.72,0.74
2019Q3,Victoria,"Professional, Scientific and Technical Services",23.64,24.51,0.87
2019Q4,New South Wales,Accommodation and Food Services,19.44,18.13,-1.31
2019Q4,New South Wales,Construction,14.57,14.18,-0.39
2019Q4,New South Wales,Education and Training,11.42,12.63,1.21
2019Q4,New South Wales,Health Care and Social Assistance,23.83,25.05,1.22
2019Q4,New South Wales,Manufacturing,13.73,13.90,0.17
2019Q4,New South Wales,"Professional, Scientific and Technical Services",19.86,25.84,5.98
2019Q4,Queensland,Accommodation and Food Services,22.68,20.79,-1.89
2019Q4,Queensland,Construction,17.71,17.24,-0.47
2019Q4,Queensland,Education and Training,13.46,14.41,0.95
2019Q4,Queensland,Health Care and Social Assistance,28.87,30.34,1.47
2019Q4,Queensland,Manufacturing,17.49,19.38,1.89
2019Q4,Queensland,"Professional, Scientific and Technical Services",30.63,33.23,2.60
2019Q4,Victoria,Accommodation and Food Services,23.01,20.81,-2.20
2019Q4,Victoria,Construction,15.10,16.94,1.84
2019Q4,Victoria,Education and Training,11.84,13.17,1.33
2019Q4,Victoria,Health Care and Social Assistance,25.81,27.95,2.14
2019Q4,Victoria,Manufacturing,13.04,14.56,1.52
2019Q4,Victoria,"Professional, Scientific and Technical Services",23.01,23.64,0.63
2020Q1,New South Wales,Accommodation and Food Services,19.90,18.18,-1.72
2020Q1,New South Wales,Construction,14.29,14.07,-0.22
2020Q1,New South Wales,Education and Training,13.63,13.67,0.04
2020Q1,New South Wales,Health Care and Social Assistance,23.53,24.72,1.19
2020Q1,New South Wales,Manufacturing,15.48,16.50,1.02
2020Q1,New South Wales,"Professional, Scientific and Technical Services",20.03,21.34,1.31
2020Q1,Queensland,Accommodation and Food Services,23.31,20.83,-2.48
2020Q1,Queensland,Construction,17.57,17.04,-0.53
2020Q1,Queensland,Education and Training,15.19,15.67,0.48
2020Q1,Queensland,Health Care and Social Assistance,29.25,29.85,0.60
2020Q1,Queensland,Manufacturing,20.67,21.64,0.97
2020Q1,Queensland,"Professional, Scientific and Technical Services",30.73,33.95,3.22
2020Q1,Victoria,Accommodation and Food Services,22.20,19.84,-2.36
2020Q1,Victoria,Construction,15.72,16.34,0.62
2020Q1,Victoria,Education and Training,13.96,14.58,0.62
2020Q1,Victoria,Health Care and Social Assistance,25.44,28.60,3.16
2020Q1,Victoria,Manufacturing,15.19,15.13,-0.06
2020Q1,Victoria,"Professional, Scientific and Technical Services",23.42,23.40,-0.02
2020Q2,New South Wales,Accommodation and Food Services,12.51,11.66,-0.85
2020Q2,New South Wales,Construction,4.40,5.03,0.63
2020Q2,New South Wales,Education and Training,12.15,12.35,0.20
2020Q2,New South Wales,Health Care and Social Assistance,17.05,18.75,1.70
2020Q2,New South Wales,Manufacturing,11.46,11.24,-0.22
2020Q2,New South Wales,"Professional, Scientific and Technical Services",9.44,9.79,0.35
2020Q2,Queensland,Accommodation and Food Services,13.90,12.77,-1.13
2020Q2,Queensland,Construction,6.38,6.83,0.45
2020Q2,Queensland,Education and Training,12.99,13.14,0.15
2020Q2,Queensland,Health Care and Social Assistance,20.32,22.60,2.28
2020Q2,Queensland,Manufacturing,13.23,13.02,-0.21
2020Q2,Queensland,"Professional, Scientific and Technical Services",14.38,16.18,1.80
2020Q2,Victoria,Accommodation and Food Services,13.89,12.76,-1.13
2020Q2,Victoria,Construction,5.30,5.82,0.52
2020Q2,Victoria,Education and Training,12.53,12.57,0.04
2020Q2,Victoria,Health Care and Social Assistance,17.70,18.61,0.91
2020Q2,Victoria,Manufacturing,10.48,10.33,-0.15
2020Q2,Victoria,"Professional, Scientific and Technical Services",10.58,11.18,0.60
2020Q3,New South Wales,Accommodation and Food Services,7.98,8.16,0.18
2020Q3,New South Wales,Construction,7.70,8.21,0.51
2020Q3,New South Wales,Education and Training,14.03,14.71,0.68
2020Q3,New South Wales,Health Care and Social Assistance,16.19,17.07,0.88
2020Q3,New South Wales,Manufacturing,13.76,13.75,-0.01
2020Q3,New South Wales,"Professional, Scientific and Technical Services",9.51,11.23,1.72
2020Q3,Queensland,Accommodation and Food Services,12.04,12.36,0.32
2020Q3,Queensland,Construction,11.78,12.25,0.47
2020Q3,Queensland,Education and Training,15.50,15.61,0.11
2020Q3,Queensland,Health Care and Social Assistance,19.50,21.19,1.69
2020Q3,Queensland,Manufacturing,17.97,17.25,-0.72
2020Q3,Queensland,"Professional, Scientific and Technical Services",19.33,21.15,1.82
2020Q3,Victoria,Accommodation and Food Services,12.42,12.29,-0.13
2020Q3,Victoria,Construction,9.51,10.26,0.75
2020Q3,Victoria,Education and Training,14.47,14.19,-0.28
2020Q3,Victoria,Health Care and Social Assistance,17.38,18.97,1.59
2020Q3,Victoria,Manufacturing,13.26,13.19,-0.07
2020Q3,Victoria,"Professional, Scientific and Technical Services",11.78,16.40,4.62
2020Q4,New South Wales,Accommodation and Food Services,11.87,13.16,1.29
2020Q4,New South Wales,Construction,9.69,9.92,0.23
2020Q4,New South Wales,Education and Training,14.03,14.38,0.35
2020Q4,New South Wales,Health Care and Social Assistance,17.08,18.93,1.85
2020Q4,New South Wales,Manufacturing,15.21,15.79,0.58
2020Q4,New South Wales,"Professional, Scientific and Technical Services",15.16,16.62,1.46
2020Q4,Queensland,Accommodation and Food Services,16.89,18.67,1.78
2020Q4,Queensland,Construction,13.84,13.86,0.02
2020Q4,Queensland,Education and Training,16.42,16.52,0.10
2020Q4,Queensland,Health Care and Social Assistance,21.48,23.50,2.02
2020Q4,Queensland,Manufacturing,18.52,18.72,0.20
2020Q4,Queensland,"Professional, Scientific and Technical Services",27.80,29.03,1.23
2020Q4,Victoria,Accommodation and Food Services,17.18,17.86,0.68
2020Q4,Victoria,Construction,11.79,12.80,1.01
2020Q4,Victoria,Education and Training,14.53,14.12,-0.41
2020Q4,Victoria,Health Care and Social Assistance,18.14,19.71,1.57
2020Q4,Victoria,Manufacturing,14.36,17.31,2.95
2020Q4,Victoria,"Professional, Scientific and Technical Services",18.12,18.53,0.41
2021Q1,New South Wales,Accommodation and Food Services,23.79,22.12,-1.67
2021Q1,New South Wales,Construction,15.08,16.17,1.09
2021Q1,New South Wales,Education and Training,13.84,14.05,0.21
2021Q1,New South Wales,Health Care and Social Assistance,17.92,21.52,3.60
2021Q1,New South Wales,Manufacturing,14.79,15.46,0.67
2021Q1,New South Wales,"Professional, Scientific and Technical Services",16.94,18.13,1.19
2021Q1,Queensland,Accommodation and Food Services,33.06,29.96,-3.10
2021Q1,Queensland,Construction,21.06,21.53,0.47
2021Q1,Queensland,Education and Training,16.68,16.10,-0.58
2021Q1,Queensland,Health Care and Social Assistance,22.66,24.59,1.93
2021Q1,Queensland,Manufacturing,19.50,19.59,0.09
2021Q1,Queensland,"Professional, Scientific and Technical Services",29.34,30.77,1.43
2021Q1,Victoria,Accommodation and Food Services,29.89,27.41,-2.48
2021Q1,Victoria,Construction,16.67,17.69,1.02
2021Q1,Victoria,Education and Training,14.64,14.07,-0.57
2021Q1,Victoria,Health Care and Social Assistance,19.43,21.39,1.96
2021Q1,Victoria,Manufacturing,14.91,14.94,0.03
2021Q1,Victoria,"Professional, Scientific and Technical Services",20.63,25.46,4.83
2021Q2,New South Wales,Accommodation and Food Services,34.42,31.40,-3.02
2021Q2,New South Wales,Construction,23.80,23.65,-0.15
2021Q2,New South Wales,Education and Training,12.32,14.97,2.65
2021Q2,New South Wales,Health Care and Social Assistance,20.30,25.89,5.59
2021Q2,New South Wales,Manufacturing,18.62,18.59,-0.03
2021Q2,New South Wales,"Professional, Scientific and Technical Services",23.83,25.13,1.30
2021Q2,Queensland,Accommodation and Food Services,40.53,36.67,-3.86
2021Q2,Queensland,Construction,30.80,30.54,-0.26
2021Q2,Queensland,Education and Training,15.65,17.22,1.57
2021Q2,Queensland,Health Care and Social Assistance,26.71,32.43,5.72
2021Q2,Queensland,Manufacturing,23.08,23.99,0.91
2021Q2,Queensland,"Professional, Scientific and Technical Services",38.68,41.04,2.36
2021Q2,Victoria,Accommodation and Food Services,37.99,35.93,-2.06
2021Q2,Victoria,Construction,25.23,25.90,0.67
2021Q2,Victoria,Education and Training,13.59,14.11,0.52
2021Q2,Victoria,Health Care and Social Assistance,23.03,28.94,5.91
2021Q2,Victoria,Manufacturing,18.53,20.48,1.95
2021Q2,Victoria,"Professional, Scientific and Technical Services",27.60,33.94,6.34
2021Q3,New South Wales,Accommodation and Food Services,40.81,33.07,-7.74
2021Q3,New South Wales,Construction,25.19,24.93,-0.26
2021Q3,New South Wales,Education and Training,14.22,14.86,0.64
2021Q3,New South Wales,Health Care and Social Assistance,22.01,25.37,3.36
2021Q3,New South Wales,Manufacturing,22.04,23.02,0.98
2021Q3,New South Wales,"Professional, Scientific and Technical Services",31.12,30.41,-0.71
2021Q3,Queensland,Accommodation and Food Services,39.30,33.62,-5.68
2021Q3,Queensland,Construction,28.71,27.14,-1.57
2021Q3,Queensland,Education and Training,17.04,20.49,3.45
2021Q3,Queensland,Health Care and Social Assistance,28.52,33.29,4.77
2021Q3,Queensland,Manufacturing,26.69,26.34,-0.35
2021Q3,Queensland,"Professional, Scientific and Technical Services",47.83,43.53,-4.30
2021Q3,Victoria,Accommodation and Food Services,37.84,32.99,-4.85
2021Q3,Victoria,Construction,24.60,26.16,1.56
2021Q3,Victoria,Education and Training,15.32,17.11,1.79
2021Q3,Victoria,Health Care and Social Assistance,24.28,31.80,7.52
2021Q3,Victoria,Manufacturing,21.42,25.61,4.19
2021Q3,Victoria,"Professional, Scientific and Technical Services",35.11,39.69,4.58
2021Q4,New South Wales,Accommodation and Food Services,61.10,47.56,-13.54
2021Q4,New South Wales,Construction,25.75,26.53,0.78
2021Q4,New South Wales,Education and Training,13.69,14.52,0.83
2021Q4,New South Wales,Health Care and Social Assistance,28.46,31.23,2.77
2021Q4,New South Wales,Manufacturing,33.05,31.31,-1.74
2021Q4,New South Wales,"Professional, Scientific and Technical Services",26.68,27.60,0.92
2021Q4,Queensland,Accommodation and Food Services,67.42,53.45,-13.97
2021Q4,Queensland,Construction,32.52,35.09,2.57
2021Q4,Queensland,Education and Training,16.26,22.73,6.47
2021Q4,Queensland,Health Care and Social Assistance,36.14,47.19,11.05
2021Q4,Queensland,Manufacturing,39.23,41.54,2.31
2021Q4,Queensland,"Professional, Scientific and Technical Services",41.21,45.29,4.08
2021Q4,Victoria,Accommodation and Food Services,67.57,51.41,-16.16
2021Q4,Victoria,Construction,26.74,28.55,1.81
2021Q4,Victoria,Education and Training,14.62,17.68,3.06
2021Q4,Victoria,Health Care and Social Assistance,31.05,38.97,7.92
2021Q4,Victoria,Manufacturing,30.71,35.76,5.05
2021Q4,Victoria,"Professional, Scientific and Technical Services",30.38,29.65,-0.73
2022Q1,New South Wales,Accommodation and Food Services,48.66,41.89,-6.77
2022Q1,New South Wales,Construction,28.12,28.41,0.29
2022Q1,New South Wales,Education and Training,15.42,16.05,0.63
2022Q1,New South Wales,Health Care and Social Assistance,24.69,28.87,4.18
2022Q1,New South Wales,Manufacturing,35.64,39.77,4.13
2022Q1,New South Wales,"Professional, Scientific and Technical Services",30.32,40.78,10.46
2022Q1,Queensland,Accommodation and Food Services,56.66,49.35,-7.31
2022Q1,Queensland,Construction,36.43,35.69,-0.74
2022Q1,Queensland,Education and Training,17.61,17.50,-0.11
2022Q1,Queensland,Health Care and Social Assistance,31.09,38.97,7.88
2022Q1,Queensland,Manufacturing,40.93,39.03,-1.90
2022Q1,Queensland,"Professional, Scientific and Technical Services",45.92,54.55,8.63
2022Q1,Victoria,Accommodation and Food Services,57.48,48.45,-9.03
2022Q1,Victoria,Construction,31.10,34.41,3.31
2022Q1,Victoria,Education and Training,15.91,16.55,0.64
2022Q1,Victoria,Health Care and Social Assistance,27.86,32.33,4.47
2022Q1,Victoria,Manufacturing,33.21,33.22,0.01
2022Q1,Victoria,"Professional, Scientific and Technical Services",32.14,32.61,0.47
2022Q2,New South Wales,Accommodation and Food Services,50.49,42.98,-7.51
2022Q2,New South Wales,Construction,37.29,36.22,-1.07
2022Q2,New South Wales,Education and Training,16.51,17.27,0.76
2022Q2,New South Wales,Health Care and Social Assistance,29.40,32.46,3.06
2022Q2,New South Wales,Manufacturing,36.91,34.52,-2.39
2022Q2,New South Wales,"Professional, Scientific and Technical Services",31.19,33.39,2.20
2022Q2,Queensland,Accommodation and Food Services,59.82,50.07,-9.75
2022Q2,Queensland,Construction,48.80,45.64,-3.16
2022Q2,Queensland,Education and Training,18.76,21.66,2.90
2022Q2,Queensland,Health Care and Social Assistance,34.30,45.59,11.29
2022Q2,Queensland,Manufacturing,46.00,41.27,-4.73
2022Q2,Queensland,"Professional, Scientific and Technical Services",49.01,57.75,8.74
2022Q2,Victoria,Accommodation and Food Services,57.33,50.89,-6.44
2022Q2,Victoria,Construction,39.80,41.78,1.98
2022Q2,Victoria,Education and Training,17.31,23.20,5.89
2022Q2,Victoria,Health Care and Social Assistance,32.62,34.11,1.49
2022Q2,Victoria,Manufacturing,36.60,34.76,-1.84
2022Q2,Victoria,"Professional, Scientific and Technical Services",34.94,44.61,9.67
2022Q3,New South Wales,Accommodation and Food Services,58.82,47.86,-10.96
2022Q3,New South Wales,Construction,33.11,32.16,-0.95
2022Q3,New South Wales,Education and Training,15.05,19.45,4.40
2022Q3,New South Wales,Health Care and Social Assistance,35.21,37.89,2.68
2022Q3,New South Wales,Manufacturing,41.11,42.83,1.72
2022Q3,New South Wales,"Professional, Scientific and Technical Services",34.87,38.48,3.61
2022Q3,Queensland,Accommodation and Food Services,70.14,59.88,-10.26
2022Q3,Queensland,Construction,41.29,41.60,0.31
2022Q3,Queensland,Education and Training,17.20,24.14,6.94
2022Q3,Queensland,Health Care and Social Assistance,42.46,50.07,7.61
2022Q3,Queensland,Manufacturing,50.61,48.02,-2.59
2022Q3,Queensland,"Professional, Scientific and Technical Services",54.86,,
2022Q3,Victoria,Accommodation and Food Services,68.20,57.01,-11.19
2022Q3,Victoria,Construction,35.52,38.06,2.54
2022Q3,Victoria,Education and Training,15.84,19.97,4.13
2022Q3,Victoria,Health Care and Social Assistance,38.13,40.19,2.06
2022Q3,Victoria,Manufacturing,39.32,36.21,-3.11
2022Q3,Victoria,"Professional, Scientific and Technical Services",39.67,44.47,4.80
2022Q4,New South Wales,Accommodation and Food Services,61.56,51.55,-10.01
2022Q4,New South Wales,Construction,33.96,33.72,-0.24
2022Q4,New South Wales,Education and Training,16.11,20.42,4.31
2022Q4,New South Wales,Health Care and Social Assistance,32.02,39.73,7.71
2022Q4,New South Wales,Manufacturing,40.33,40.15,-0.18
2022Q4,New South Wales,"Professional, Scientific and Technical Services",35.48,40.69,5.21
2022Q4,Queensland,Accommodation and Food Services,77.43,61.69,-15.74
2022Q4,Queensland,Construction,41.87,47.18,5.31
2022Q4,Queensland,Education and Training,18.64,20.29,1.65
2022Q4,Queensland,Health Care and Social Assistance,39.46,54.99,15.53
2022Q4,Queensland,Manufacturing,50.05,58.95,8.90
2022Q4,Queensland,"Professional, Scientific and Technical Services",53.91,64.40,10.49
2022Q4,Victoria,Accommodation and Food Services,75.85,62.09,-13.76
2022Q4,Victoria,Construction,35.67,38.04,2.37
2022Q4,Victoria,Education and Training,16.78,30.70,13.92
2022Q4,Victoria,Health Care and Social Assistance,35.12,42.01,6.89
2022Q4,Victoria,Manufacturing,40.35,38.90,-1.45
2022Q4,Victoria,"Professional, Scientific and Technical Services",40.73,42.45,1.72
2023Q1,New South Wales,Accommodation and Food Services,59.82,51.28,-8.54
2023Q1,New South Wales,Construction,35.17,33.16,-2.01
2023Q1,New South Wales,Education and Training,22.08,23.58,1.50
2023Q1,New South Wales,Health Care and Social Assistance,36.11,42.68,6.57
2023Q1,New South Wales,Manufacturing,43.26,43.85,0.59
2023Q1,New South Wales,"Professional, Scientific and Technical Services",40.69,39.68,-1.01
2023Q1,Queensland,Accommodation and Food Services,82.84,65.02,-17.82
2023Q1,Queensland,Construction,43.49,42.35,-1.14
2023Q1,Queensland,Education and Training,24.96,24.96,0.00
2023Q1,Queensland,Health Care and Social Assistance,44.45,50.72,6.27
2023Q1,Queensland,Manufacturing,49.90,45.60,-4.30
2023Q1,Queensland,"Professional, Scientific and Technical Services",64.83,65.84,1.01
2023Q1,Victoria,Accommodation and Food Services,70.29,56.09,-14.20
2023Q1,Victoria,Construction,36.50,37.70,1.20
2023Q1,Victoria,Education and Training,23.33,23.12,-0.21
2023Q1,Victoria,Health Care and Social Assistance,39.32,43.32,4.00
2023Q1,Victoria,Manufacturing,41.58,39.43,-2.15
2023Q1,Victoria,"Professional, Scientific and Technical Services",45.77,43.97,-1.80
2023Q2,New South Wales,Accommodation and Food Services,50.09,42.00,-8.09
2023Q2,New South Wales,Construction,35.14,38.28,3.14
2023Q2,New South Wales,Education and Training,24.07,26.30,2.23
2023Q2,New South Wales,Health Care and Social Assistance,36.84,39.35,2.51
2023Q2,New South Wales,Manufacturing,39.19,46.30,7.11
2023Q2,New South Wales,"Professional, Scientific and Technical Services",39.98,40.66,0.68
2023Q2,Queensland,Accommodation and Food Services,64.28,48.69,-15.59
2023Q2,Queensland,Construction,43.65,40.52,-3.13
2023Q2,Queensland,Education and Training,26.19,27.77,1.58
2023Q2,Queensland,Health Care and Social Assistance,45.04,51.48,6.44
2023Q2,Queensland,Manufacturing,46.57,41.33,-5.24
2023Q2,Queensland,"Professional, Scientific and Technical Services",59.28,57.26,-2.02
2023Q2,Victoria,Accommodation and Food Services,58.56,47.10,-11.46
2023Q2,Victoria,Construction,38.70,37.89,-0.81
2023Q2,Victoria,Education and Training,25.45,25.41,-0.04
2023Q2,Victoria,Health Care and Social Assistance,40.28,46.08,5.80
2023Q2,Victoria,Manufacturing,37.08,32.96,-4.12
2023Q2,Victoria,"Professional, Scientific and Technical Services",42.37,48.70,6.33
2023Q3,New South Wales,Accommodation and Food Services,71.00,55.84,-15.16
2023Q3,New South Wales,Construction,36.85,36.24,-0.61
2023Q3,New South Wales,Education and Training,26.35,29.48,3.13
2023Q3,New South Wales,Health Care and Social Assistance,48.96,47.16,-1.80
2023Q3,New South Wales,Manufacturing,42.29,45.81,3.52
2023Q3,New South Wales,"Professional, Scientific and Technical Services",37.63,35.69,-1.94
2023Q3,Queensland,Accommodation and Food Services,87.87,63.19,-24.68
2023Q3,Queensland,Construction,42.79,39.29,-3.50
2023Q3,Queensland,Education and Training,30.22,32.50,2.28
2023Q3,Queensland,Health Care and Social Assistance,58.66,53.72,-4.94
2023Q3,Queensland,Manufacturing,55.47,51.92,-3.55
2023Q3,Queensland,"Professional, Scientific and Technical Services",57.66,50.24,-7.42
2023Q3,Victoria,Accommodation and Food Services,78.65,57.43,-21.22
2023Q3,Victoria,Construction,40.43,38.46,-1.97
2023Q3,Victoria,Education and Training,28.01,28.75,0.74
2023Q3,Victoria,Health Care and Social Assistance,51.14,56.75,5.61
2023Q3,Victoria,Manufacturing,40.35,43.98,3.63
2023Q3,Victoria,"Professional, Scientific and Technical Services",41.55,39.38,-2.17
2023Q4,New South Wales,Accommodation and Food Services,54.89,43.77,-11.12
2023Q4,New South Wales,Construction,34.66,33.30,-1.36
2023Q4,New South Wales,Education and Training,32.66,32.43,-0.23
2023Q4,New South Wales,Health Care and Social Assistance,52.21,51.08,-1.13
2023Q4,New South Wales,Manufacturing,37.86,35.79,-2.07
2023Q4,New South Wales,"Professional, Scientific and Technical Services",37.33,36.64,-0.69
2023Q4,Queensland,Accommodation and Food Services,68.59,55.42,-13.17
2023Q4,Queensland,Construction,41.50,39.12,-2.38
2023Q4,Queensland,Education and Training,37.25,40.59,3.34
2023Q4,Queensland,Health Care and Social Assistance,63.34,58.26,-5.08
2023Q4,Queensland,Manufacturing,47.43,45.19,-2.24
2023Q4,Queensland,"Professional, Scientific and Technical Services",53.60,45.65,-7.95
2023Q4,Victoria,Accommodation and Food Services,63.66,49.52,-14.14
2023Q4,Victoria,Construction,37.13,38.26,1.13
2023Q4,Victoria,Education and Training,33.46,36.01,2.55
2023Q4,Victoria,Health Care and Social Assistance,55.17,53.22,-1.95
2023Q4,Victoria,Manufacturing,39.80,39.14,-0.66
2023Q4,Victoria,"Professional, Scientific and Technical Services",41.15,41.69,0.54
2024Q1,New South Wales,Accommodation and Food Services,52.48,42.25,-10.23
2024Q1,New South Wales,Construction,35.45,32.45,-3.00
2024Q1,New South Wales,Education and Training,29.51,28.27,-1.24
2024Q1,New South Wales,Health Care and Social Assistance,49.67,51.35,1.68
2024Q1,New South Wales,Manufacturing,36.63,34.96,-1.67
2024Q1,New South Wales,"Professional, Scientific and Technical Services",32.30,31.05,-1.25
2024Q1,Queensland,Accommodation and Food Services,61.52,47.92,-13.60
2024Q1,Queensland,Construction,42.71,38.18,-4.53
2024Q1,Queensland,Education and Training,34.01,33.27,-0.74
2024Q1,Queensland,Health Care and Social Assistance,61.19,54.69,-6.50
2024Q1,Queensland,Manufacturing,45.86,39.90,-5.96
2024Q1,Queensland,"Professional, Scientific and Technical Services",44.20,41.28,-2.92
2024Q1,Victoria,Accommodation and Food Services,57.44,44.31,-13.13
2024Q1,Victoria,Construction,37.63,35.02,-2.61
2024Q1,Victoria,Education and Training,30.81,29.34,-1.47
2024Q1,Victoria,Health Care and Social Assistance,53.36,49.98,-3.38
2024Q1,Victoria,Manufacturing,38.01,33.37,-4.64
2024Q1,Victoria,"Professional, Scientific and Technical Services",36.66,33.94,-2.72
2024Q2,New South Wales,Accommodation and Food Services,53.70,44.05,-9.65
2024Q2,New South Wales,Construction,30.80,29.44,-1.36
2024Q2,New South Wales,Education and Training,28.56,30.39,1.83
2024Q2,New South Wales,Health Care and Social Assistance,45.70,45.81,0.11
2024Q2,New South Wales,Manufacturing,32.79,31.01,-1.78
2024Q2,New South Wales,"Professional, Scientific and Technical Services",34.26,32.99,-1.27
2024Q2,Queensland,Accommodation and Food Services,65.22,50.58,-14.64
2024Q2,Queensland,Construction,37.03,36.20,-0.83
2024Q2,Queensland,Education and Training,32.28,33.75,1.47
2024Q2,Queensland,Health Care and Social Assistance,55.40,52.99,-2.41
2024Q2,Queensland,Manufacturing,36.85,33.57,-3.28
2024Q2,Queensland,"Professional, Scientific and Technical Services",54.39,55.69,1.30
2024Q2,Victoria,Accommodation and Food Services,63.97,49.76,-14.21
2024Q2,Victoria,Construction,32.45,32.71,0.26
2024Q2,Victoria,Education and Training,29.99,31.64,1.65
2024Q2,Victoria,Health Care and Social Assistance,49.57,50.92,1.35
2024Q2,Victoria,Manufacturing,31.06,28.54,-2.52
2024Q2,Victoria,"Professional, Scientific and Technical Services",41.51,37.85,-3.66
2024Q3,New South Wales,Accommodation and Food Services,41.80,34.50,-7.30
2024Q3,New South Wales,Construction,29.79,28.22,-1.57
2024Q3,New South Wales,Education and Training,28.84,28.88,0.04
2024Q3,New South Wales,Health Care and Social Assistance,34.89,40.10,5.21
2024Q3,New South Wales,Manufacturing,31.75,31.34,-0.41
2024Q3,New South Wales,"Professional, Scientific and Technical Services",29.81,29.57,-0.24
2024Q3,Queensland,Accommodation and Food Services,48.73,43.07,-5.66
2024Q3,Queensland,Construction,35.17,31.67,-3.50
2024Q3,Queensland,Education and Training,32.75,32.13,-0.62
2024Q3,Queensland,Health Care and Social Assistance,44.38,42.07,-2.31
2024Q3,Queensland,Manufacturing,35.22,32.43,-2.79
2024Q3,Queensland,"Professional, Scientific and Technical Services",46.43,45.79,-0.64
2024Q3,Victoria,Accommodation and Food Services,50.60,40.18,-10.42
2024Q3,Victoria,Construction,30.99,30.31,-0.68
2024Q3,Victoria,Education and Training,30.01,29.96,-0.05
2024Q3,Victoria,Health Care and Social Assistance,37.49,36.36,-1.13
2024Q3,Victoria,Manufacturing,29.00,28.03,-0.97
2024Q3,Victoria,"Professional, Scientific and Technical Services",33.58,34.29,0.71
2024Q4,New South Wales,Accommodation and Food Services,44.13,37.84,-6.29
2024Q4,New South Wales,Construction,26.87,28.01,1.14
2024Q4,New South Wales,Education and Training,21.14,21.91,0.77
2024Q4,New South Wales,Health Care and Social Assistance,29.16,31.76,2.60
2024Q4,New South Wales,Manufacturing,29.98,28.70,-1.28
2024Q4,New South Wales,"Professional, Scientific and Technical Services",29.71,30.75,1.04
2024Q4,Queensland,Accommodation and Food Services,55.81,46.96,-8.85
2024Q4,Queensland,Construction,31.07,32.21,1.14
2024Q4,Queensland,Education and Training,24.14,27.31,3.17
2024Q4,Queensland,Health Care and Social Assistance,35.90,39.03,3.13
2024Q4,Queensland,Manufacturing,35.64,35.05,-0.59
2024Q4,Queensland,"Professional, Scientific and Technical Services",46.52,50.02,3.50
2024Q4,Victoria,Accommodation and Food Services,50.95,41.84,-9.11
2024Q4,Victoria,Construction,28.74,28.16,-0.58
2024Q4,Victoria,Education and Training,21.79,25.71,3.92
2024Q4,Victoria,Health Care and Social Assistance,31.99,35.79,3.80
2024Q4,Victoria,Manufacturing,28.49,27.61,-0.88
2024Q4,Victoria,"Professional, Scientific and Technical Services",31.89,32.14,0.25
2025Q1,New South Wales,Accommodation and Food Services,43.59,36.50,-7.09
2025Q1,New South Wales,Construction,25.12,25.16,0.04
2025Q1,New South Wales,Education and Training,25.01,24.84,-0.17
2025Q1,New South Wales,Health Care and Social Assistance,35.27,36.15,0.88
2025Q1,New South Wales,Manufacturing,30.81,28.49,-2.32
2025Q1,New South Wales,"Professional, Scientific and Technical Services",28.51,26.73,-1.78
2025Q1,Queensland,Accommodation and Food Services,55.77,46.80,-8.97
2025Q1,Queensland,Construction,29.45,28.20,-1.25
2025Q1,Queensland,Education and Training,28.81,27.65,-1.16
2025Q1,Queensland,Health Care and Social Assistance,42.24,45.73,3.49
2025Q1,Queensland,Manufacturing,37.52,33.64,-3.88
2025Q1,Queensland,"Professional, Scientific and Technical Services",40.75,37.32,-3.43
2025Q1,Victoria,Accommodation and Food Services,53.13,41.91,-11.22
2025Q1,Victoria,Construction,27.18,26.35,-0.83
2025Q1,Victoria,Education and Training,25.68,25.78,0.10
2025Q1,Victoria,Health Care and Social Assistance,38.11,36.08,-2.03
2025Q1,Victoria,Manufacturing,30.02,27.98,-2.04
2025Q1,Victoria,"Professional, Scientific and Technical Services",30.43,27.99,-2.44
2025Q2,New South Wales,Accommodation and Food Services,49.05,41.28,-7.77
2025Q2,New South Wales,Construction,25.73,25.56,-0.17
2025Q2,New South Wales,Education and Training,23.71,23.35,-0.36
2025Q2,New South Wales,Health Care and Social Assistance,34.88,37.17,2.29
2025Q2,New South Wales,Manufacturing,31.47,28.60,-2.87
2025Q2,New South Wales,"Professional, Scientific and Technical Services",29.07,30.15,1.08
2025Q2,Queensland,Accommodation and Food Services,55.39,44.37,-11.02
2025Q2,Queensland,Construction,29.86,34.00,4.14
2025Q2,Queensland,Education and Training,27.42,28.96,1.54
2025Q2,Queensland,Health Care and Social Assistance,39.75,61.45,21.70
2025Q2,Queensland,Manufacturing,37.85,37.64,-0.21
2025Q2,Queensland,"Professional, Scientific and Technical Services",42.49,41.22,-1.27
2025Q2,Victoria,Accommodation and Food Services,49.31,42.70,-6.61
2025Q2,Victoria,Construction,27.58,29.68,2.10
2025Q2,Victoria,Education and Training,24.86,24.53,-0.33
2025Q2,Victoria,Health Care and Social Assistance,37.48,39.14,1.66
2025Q2,Victoria,Manufacturing,31.54,28.86,-2.68
2025Q2,Victoria,"Professional, Scientific and Technical Services",31.93,31.49,-0.44
2025Q3,New South Wales,Accommodation and Food Services,45.17,39.42,-5.75
2025Q3,New South Wales,Construction,25.35,27.07,1.72
2025Q3,New South Wales,Education and Training,23.70,24.69,0.99
2025Q3,New South Wales,Health Care and Social Assistance,34.87,36.61,1.74
2025Q3,New South Wales,Manufacturing,31.88,29.30,-2.58
2025Q3,New South Wales,"Professional, Scientific and Technical Services",29.59,28.86,-0.73
2025Q3,Queensland,Accommodation and Food Services,55.57,44.46,-11.11
2025Q3,Queensland,Construction,30.39,27.67,-2.72
2025Q3,Queensland,Education and Training,28.10,35.42,7.32
2025Q3,Queensland,Health Care and Social Assistance,40.05,51.26,11.21
2025Q3,Queensland,Manufacturing,38.62,36.63,-1.99
2025Q3,Queensland,"Professional, Scientific and Technical Services",44.77,38.84,-5.93
2025Q3,Victoria,Accommodation and Food Services,45.49,38.68,-6.81
2025Q3,Victoria,Construction,28.21,26.81,-1.40
2025Q3,Victoria,Education and Training,24.65,24.90,0.25
2025Q3,Victoria,Health Care and Social Assistance,36.44,33.82,-2.62
2025Q3,Victoria,Manufacturing,31.65,29.32,-2.33
2025Q3,Victoria,"Professional, Scientific and Technical Services",31.72,29.26,-2.46
2025Q4,New South Wales,Accommodation and Food Services,43.76,36.46,-7.30
2025Q4,New South Wales,Construction,25.48,26.04,0.56
2025Q4,New South Wales,Education and Training,23.35,24.41,1.06
2025Q4,New South Wales,Health Care and Social Assistance,41.36,38.25,-3.11
2025Q4,New South Wales,Manufacturing,27.82,28.07,0.25
2025Q4,New South Wales,"Professional, Scientific and Technical Services",29.71,33.04,3.33
2025Q4,Queensland,Accommodation and Food Services,50.73,42.02,-8.71
2025Q4,Queensland,Construction,28.64,29.01,0.37
2025Q4,Queensland,Education and Training,26.68,26.81,0.13
2025Q4,Queensland,Health Care and Social Assistance,46.47,46.17,-0.30
2025Q4,Queensland,Manufacturing,35.37,33.24,-2.13
2025Q4,Queensland,"Professional, Scientific and Technical Services",43.25,39.89,-3.36
2025Q4,Victoria,Accommodation and Food Services,46.05,40.52,-5.53
2025Q4,Victoria,Construction,27.77,27.10,-0.67
2025Q4,Victoria,Education and Training,24.11,23.63,-0.48
2025Q4,Victoria,Health Care and Social Assistance,42.29,39.86,-2.43
2025Q4,Victoria,Manufacturing,26.88,28.73,1.85
2025Q4,Victoria,"Professional, Scientific and Technical Services",31.66,28.85,-2.81
2026Q1,New South Wales,Accommodation and Food Services,47.38,38.81,-8.57
2026Q1,New South Wales,Construction,24.77,24.82,0.05
2026Q1,New South Wales,Education and Training,19.79,20.42,0.63
2026Q1,New South Wales,Health Care and Social Assistance,33.89,35.19,1.30
2026Q1,New South Wales,Manufacturing,29.37,27.25,-2.12
2026Q1,New South Wales,"Professional, Scientific and Technical Services",26.20,26.59,0.39
2026Q1,Queensland,Accommodation and Food Services,55.25,44.08,-11.17
2026Q1,Queensland,Construction,29.71,28.11,-1.60
2026Q1,Queensland,Education and Training,22.49,23.47,0.98
2026Q1,Queensland,Health Care and Social Assistance,38.54,37.69,-0.85
2026Q1,Queensland,Manufacturing,36.38,34.39,-1.99
2026Q1,Queensland,"Professional, Scientific and Technical Services",39.92,36.83,-3.09
2026Q1,Victoria,Accommodation and Food Services,51.08,42.65,-8.43
2026Q1,Victoria,Construction,27.05,26.11,-0.94
2026Q1,Victoria,Education and Training,20.15,19.89,-0.26
2026Q1,Victoria,Health Care and Social Assistance,35.32,38.30,2.98
2026Q1,Victoria,Manufacturing,28.37,26.08,-2.29
2026Q1,Victoria,"Professional, Scientific and Technical Services",30.15,29.03,-1.12
